prediction_date,ticker_name,actual_release,survey_median,surprise,surprise_sign
1997-01-10,NFP TCH Index,262,201,61,Positive
1997-02-07,NFP TCH Index,271,231,40,Positive
1997-03-07,NFP TCH Index,339,231,108,Positive
1997-04-04,NFP TCH Index,175,202,-27,Negative
1997-05-02,NFP TCH Index,142,195,-53,Negative
1997-06-06,NFP TCH Index,138,225,-87,Negative
1997-07-03,NFP TCH Index,217,230,-13,Negative
1997-08-01,NFP TCH Index,316,70,246,Positive
1997-09-05,NFP TCH Index,49,64,-15,Negative
1997-10-03,NFP TCH Index,215,332,-117,Negative
1997-11-07,NFP TCH Index,284,206,78,Positive
1997-12-05,NFP TCH Index,404,216,188,Positive
1998-01-09,NFP TCH Index,370,208,162,Positive
1998-02-06,NFP TCH Index,358,238,120,Positive
1998-03-06,NFP TCH Index,310,249,61,Positive
1998-04-03,NFP TCH Index,-36,233,-269,Negative
1998-05-08,NFP TCH Index,262,264,-2,Negative
1998-06-05,NFP TCH Index,296,223,73,Positive
1998-07-02,NFP TCH Index,205,190,15,Positive
1998-08-07,NFP TCH Index,66,50,16,Positive
1998-09-04,NFP TCH Index,365,375,-10,Negative
1998-10-02,NFP TCH Index,69,200,-131,Negative
1998-11-05,NFP TCH Index,116,175,-59,Negative
1998-12-04,NFP TCH Index,267,160,107,Positive
1999-01-08,NFP TCH Index,378,200,178,Positive
1999-02-05,NFP TCH Index,245,140,105,Positive
1999-03-05,NFP TCH Index,275,245,30,Positive
1999-04-02,NFP TCH Index,46,150,-104,Negative
1999-05-07,NFP TCH Index,234,240,-6,Negative
1999-06-04,NFP TCH Index,11,209,-198,Negative
1999-07-02,NFP TCH Index,268,215,53,Positive
1999-08-06,NFP TCH Index,310,200,110,Positive
1999-09-03,NFP TCH Index,124,220,-96,Negative
1999-10-08,NFP TCH Index,-8,225,-233,Negative
1999-11-05,NFP TCH Index,310,303,7,Positive
1999-12-03,NFP TCH Index,234,200,34,Positive
2000-01-07,NFP TCH Index,315,245,70,Positive
2000-02-04,NFP TCH Index,387,260,127,Positive
2000-03-03,NFP TCH Index,43,213,-170,Negative
2000-04-07,NFP TCH Index,416,380,36,Positive
2000-05-05,NFP TCH Index,340,340,0,None
2000-06-02,NFP TCH Index,231,380,-149,Negative
2000-07-07,NFP TCH Index,11,250,-239,Negative
2000-08-04,NFP TCH Index,-108,73,-181,Negative
2000-09-01,NFP TCH Index,-105,-23,-82,Negative
2000-10-06,NFP TCH Index,252,230,22,Positive
2000-11-03,NFP TCH Index,137,175,-38,Negative
2000-12-08,NFP TCH Index,94,147,-53,Negative
2001-01-05,NFP TCH Index,105,111,-6,Negative
2001-02-02,NFP TCH Index,268,90,178,Positive
2001-03-09,NFP TCH Index,135,75,60,Positive
2001-04-06,NFP TCH Index,-86,60,-146,Negative
2001-05-04,NFP TCH Index,-223,15,-238,Negative
2001-06-01,NFP TCH Index,-19,-50,31,Positive
2001-07-06,NFP TCH Index,-114,-50,-64,Negative
2001-08-03,NFP TCH Index,-42,-50,8,Positive
2001-09-07,NFP TCH Index,-113,-45,-68,Negative
2001-10-05,NFP TCH Index,-199,-100,-99,Negative
2001-11-02,NFP TCH Index,-415,-300,-115,Negative
2001-12-07,NFP TCH Index,-331,-200,-131,Negative
2002-01-04,NFP TCH Index,-124,-155,31,Positive
2002-02-01,NFP TCH Index,-89,-50,-39,Negative
2002-03-08,NFP TCH Index,66,0,66,Positive
2002-04-05,NFP TCH Index,58,50,8,Positive
2002-05-03,NFP TCH Index,43,58,-15,Negative
2002-06-07,NFP TCH Index,41,68,-27,Negative
2002-07-05,NFP TCH Index,36,75,-39,Negative
2002-08-02,NFP TCH Index,6,60,-54,Negative
2002-09-06,NFP TCH Index,39,30,9,Positive
2002-10-04,NFP TCH Index,-43,6,-49,Negative
2002-10-18,CPI YOY Index,1.5,NA,NA,NA
2002-11-01,NFP TCH Index,-5,0,-5,Negative
2002-11-19,CPI YOY Index,2,NA,NA,NA
2002-12-06,NFP TCH Index,-40,36,-76,Negative
2002-12-17,CPI YOY Index,2.2,NA,NA,NA
2003-01-10,NFP TCH Index,-101,20,-121,Negative
2003-01-16,CPI YOY Index,2.4,NA,NA,NA
2003-02-07,NFP TCH Index,143,68,75,Positive
2003-02-21,CPI YOY Index,2.6,2.6,0,None
2003-03-07,NFP TCH Index,-308,10,-318,Negative
2003-03-21,CPI YOY Index,3,NA,NA,NA
2003-04-04,NFP TCH Index,-108,-35,-73,Negative
2003-04-16,CPI YOY Index,3,NA,NA,NA
2003-05-02,NFP TCH Index,-48,-60,12,Positive
2003-05-16,CPI YOY Index,2.2,NA,NA,NA
2003-06-06,NFP TCH Index,-17,-30,13,Positive
2003-06-17,CPI YOY Index,2.1,2.1,0,None
2003-07-03,NFP TCH Index,-30,0,-30,Negative
2003-07-16,CPI YOY Index,2.1,NA,NA,NA
2003-08-01,NFP TCH Index,-44,10,-54,Negative
2003-08-15,CPI YOY Index,2.1,2.1,0,None
2003-09-05,NFP TCH Index,-93,20,-113,Negative
2003-09-16,CPI YOY Index,2.2,NA,NA,NA
2003-10-03,NFP TCH Index,57,-25,82,Positive
2003-10-16,CPI YOY Index,2.3,NA,NA,NA
2003-11-07,NFP TCH Index,126,65,61,Positive
2003-11-18,CPI YOY Index,2,NA,NA,NA
2003-12-05,NFP TCH Index,57,150,-93,Negative
2003-12-16,CPI YOY Index,1.8,2.1,-0.30000000000000004,Negative
2004-01-09,NFP TCH Index,1,150,-149,Negative
2004-01-15,CPI YOY Index,1.9,1.8,0.09999999999999987,Positive
2004-02-06,NFP TCH Index,112,175,-63,Negative
2004-02-20,CPI YOY Index,1.9,1.6,0.2999999999999998,Positive
2004-03-05,NFP TCH Index,21,130,-109,Negative
2004-03-17,CPI YOY Index,1.7,1.6,0.09999999999999987,Positive
2004-04-02,NFP TCH Index,308,120,188,Positive
2004-04-14,CPI YOY Index,1.7,1.5,0.19999999999999996,Positive
2004-04-30,PCE DEFY Index,1.6,NA,NA,NA
2004-05-07,NFP TCH Index,288,170,118,Positive
2004-05-14,CPI YOY Index,2.3,2.4,-0.10000000000000009,Negative
2004-05-28,PCE DEFY Index,1.9,1.8,0.09999999999999987,Positive
2004-06-04,NFP TCH Index,248,225,23,Positive
2004-06-15,CPI YOY Index,3.1,2.9,0.20000000000000018,Positive
2004-06-28,PCE DEFY Index,2.5,2.2,0.2999999999999998,Positive
2004-07-02,NFP TCH Index,112,250,-138,Negative
2004-07-16,CPI YOY Index,3.3,3.1,0.19999999999999973,Positive
2004-08-03,PCE DEFY Index,2.5,2.6,-0.10000000000000009,Negative
2004-08-06,NFP TCH Index,32,240,-208,Negative
2004-08-17,CPI YOY Index,3,3.2,-0.20000000000000018,Negative
2004-08-30,PCE DEFY Index,2.4,2.4,0,None
2004-09-03,NFP TCH Index,144,150,-6,Negative
2004-09-16,CPI YOY Index,2.7,2.8,-0.09999999999999964,Negative
2004-09-30,PCE DEFY Index,2.1,2.2,-0.10000000000000009,Negative
2004-10-08,NFP TCH Index,96,148,-52,Negative
2004-10-19,CPI YOY Index,2.5,2.5,0,None
2004-11-01,PCE DEFY Index,2,2,0,None
2004-11-05,NFP TCH Index,337,175,162,Positive
2004-11-17,CPI YOY Index,3.2,3,0.20000000000000018,Positive
2004-12-01,PCE DEFY Index,2.4,2.4,0,None
2004-12-03,NFP TCH Index,112,200,-88,Negative
2004-12-17,CPI YOY Index,3.5,3.5,0,None
2004-12-23,PCE DEFY Index,2.6,2.5,0.10000000000000009,Positive
2005-01-07,NFP TCH Index,157,175,-18,Negative
2005-01-19,CPI YOY Index,3.3,3.4,-0.10000000000000009,Negative
2005-01-31,PCE DEFY Index,2.4,2.4,0,None
2005-02-04,NFP TCH Index,146,200,-54,Negative
2005-02-23,CPI YOY Index,3,3.2,-0.20000000000000018,Negative
2005-02-28,PCE DEFY Index,2.2,2.2,0,None
2005-03-04,NFP TCH Index,262,225,37,Positive
2005-03-23,CPI YOY Index,3,2.9,0.10000000000000009,Positive
2005-03-31,PCE DEFY Index,2.3,2.3,0,None
2005-04-01,NFP TCH Index,110,213,-103,Negative
2005-04-20,CPI YOY Index,3.1,3.1,0,None
2005-04-29,PCE DEFY Index,2.4,2.5,-0.10000000000000009,Negative
2005-05-06,NFP TCH Index,274,174,100,Positive
2005-05-18,CPI YOY Index,3.5,3.3,0.20000000000000018,Positive
2005-05-27,PCE DEFY Index,2.7,NA,NA,NA
2005-06-03,NFP TCH Index,78,175,-97,Negative
2005-06-15,CPI YOY Index,2.8,2.9,-0.10000000000000009,Negative
2005-06-30,PCE DEFY Index,2.2,2.3,-0.09999999999999964,Negative
2005-07-08,NFP TCH Index,146,200,-54,Negative
2005-07-14,CPI YOY Index,2.5,2.7,-0.20000000000000018,Negative
2005-08-02,PCE DEFY Index,2.2,2,0.20000000000000018,Positive
2005-08-05,NFP TCH Index,207,180,27,Positive
2005-08-16,CPI YOY Index,3.2,3,0.20000000000000018,Positive
2005-09-01,PCE DEFY Index,2.5,2.7,-0.20000000000000018,Negative
2005-09-02,NFP TCH Index,169,190,-21,Negative
2005-09-15,CPI YOY Index,3.6,3.7,-0.10000000000000009,Negative
2005-09-30,PCE DEFY Index,3,2.9,0.10000000000000009,Positive
2005-10-07,NFP TCH Index,-35,-150,115,Positive
2005-10-14,CPI YOY Index,4.7,4.3,0.40000000000000036,Positive
2005-10-31,PCE DEFY Index,3.8,NA,NA,NA
2005-11-04,NFP TCH Index,56,120,-64,Negative
2005-11-16,CPI YOY Index,4.3,4.1,0.20000000000000018,Positive
2005-12-01,PCE DEFY Index,3.3,3.3,0,None
2005-12-02,NFP TCH Index,215,210,5,Positive
2005-12-15,CPI YOY Index,3.5,3.6,-0.10000000000000009,Negative
2005-12-22,PCE DEFY Index,2.7,NA,NA,NA
2006-01-06,NFP TCH Index,108,200,-92,Negative
2006-01-18,CPI YOY Index,3.4,3.6,-0.20000000000000018,Negative
2006-01-30,PCE DEFY Index,2.8,NA,NA,NA
2006-02-03,NFP TCH Index,193,250,-57,Negative
2006-02-22,CPI YOY Index,4,3.8,0.20000000000000018,Positive
2006-03-01,PCE DEFY Index,3.1,3.1,0,None
2006-03-10,NFP TCH Index,243,210,33,Positive
2006-03-16,CPI YOY Index,3.6,3.7,-0.10000000000000009,Negative
2006-03-31,PCE DEFY Index,2.9,2.9,0,None
2006-04-07,NFP TCH Index,211,190,21,Positive
2006-04-19,CPI YOY Index,3.4,3.5,-0.10000000000000009,Negative
2006-05-01,PCE DEFY Index,2.9,2.9,0,None
2006-05-05,NFP TCH Index,138,200,-62,Negative
2006-05-17,CPI YOY Index,3.5,3.5,0,None
2006-05-26,PCE DEFY Index,2.9,2.9,0,None
2006-06-02,NFP TCH Index,75,170,-95,Negative
2006-06-14,CPI YOY Index,4.2,3.9,0.30000000000000027,Positive
2006-06-30,PCE DEFY Index,3.3,3.3,0,None
2006-07-07,NFP TCH Index,121,175,-54,Negative
2006-07-19,CPI YOY Index,4.3,4.3,0,None
2006-08-01,PCE DEFY Index,3.5,3.3,0.20000000000000018,Positive
2006-08-04,NFP TCH Index,113,141,-28,Negative
2006-08-16,CPI YOY Index,4.1,4.2,-0.10000000000000053,Negative
2006-08-31,PCE DEFY Index,3.4,3.5,-0.10000000000000009,Negative
2006-09-01,NFP TCH Index,128,125,3,Positive
2006-09-15,CPI YOY Index,3.8,3.8,0,None
2006-09-29,PCE DEFY Index,3.2,3.2,0,None
2006-10-06,NFP TCH Index,51,120,-69,Negative
2006-10-18,CPI YOY Index,2.1,2.3,-0.19999999999999973,Negative
2006-10-30,PCE DEFY Index,2,3,-1,Negative
2006-11-03,NFP TCH Index,92,123,-31,Negative
2006-11-16,CPI YOY Index,1.3,1.5,-0.19999999999999996,Negative
2006-11-30,PCE DEFY Index,1.5,1.4,0.10000000000000009,Positive
2006-12-08,NFP TCH Index,132,100,32,Positive
2006-12-15,CPI YOY Index,2,2.2,-0.20000000000000018,Negative
2006-12-22,PCE DEFY Index,1.9,1.9,0,None
2007-01-05,NFP TCH Index,167,100,67,Positive
2007-01-18,CPI YOY Index,2.5,2.4,0.10000000000000009,Positive
2007-02-01,PCE DEFY Index,2.3,2.2,0.09999999999999964,Positive
2007-02-02,NFP TCH Index,111,150,-39,Negative
2007-02-21,CPI YOY Index,2.1,1.9,0.20000000000000018,Positive
2007-03-01,PCE DEFY Index,2,2.3,-0.2999999999999998,Negative
2007-03-09,NFP TCH Index,97,95,2,Positive
2007-03-16,CPI YOY Index,2.4,2.3,0.10000000000000009,Positive
2007-03-30,PCE DEFY Index,2.3,2.2,0.09999999999999964,Positive
2007-04-06,NFP TCH Index,180,130,50,Positive
2007-04-17,CPI YOY Index,2.8,2.8,0,None
2007-04-30,PCE DEFY Index,2.4,NA,NA,NA
2007-05-04,NFP TCH Index,88,100,-12,Negative
2007-05-15,CPI YOY Index,2.6,2.6,0,None
2007-06-01,PCE DEFY Index,2.2,2.2,0,None
2007-06-01,NFP TCH Index,157,132,25,Positive
2007-06-15,CPI YOY Index,2.7,2.6,0.10000000000000009,Positive
2007-06-29,PCE DEFY Index,2.3,2.3,0,None
2007-07-06,NFP TCH Index,132,125,7,Positive
2007-07-18,CPI YOY Index,2.7,2.6,0.10000000000000009,Positive
2007-07-31,PCE DEFY Index,2.3,2.3,0,None
2007-08-03,NFP TCH Index,92,127,-35,Negative
2007-08-15,CPI YOY Index,2.4,2.4,0,None
2007-08-31,PCE DEFY Index,2.1,2.1,0,None
2007-09-07,NFP TCH Index,-4,100,-104,Negative
2007-09-19,CPI YOY Index,2,2.1,-0.10000000000000009,Negative
2007-09-28,PCE DEFY Index,1.8,1.7,0.10000000000000009,Positive
2007-10-05,NFP TCH Index,110,100,10,Positive
2007-10-17,CPI YOY Index,2.8,2.8,0,None
2007-11-01,PCE DEFY Index,2.4,2.4,0,None
2007-11-02,NFP TCH Index,166,85,81,Positive
2007-11-15,CPI YOY Index,3.5,3.5,0,None
2007-11-30,PCE DEFY Index,2.9,2.8,0.10000000000000009,Positive
2007-12-07,NFP TCH Index,94,80,14,Positive
2007-12-14,CPI YOY Index,4.3,4.1,0.20000000000000018,Positive
2007-12-21,PCE DEFY Index,3.6,3.4,0.20000000000000018,Positive
2008-01-04,NFP TCH Index,18,70,-52,Negative
2008-01-16,CPI YOY Index,4.1,4.1,0,None
2008-01-31,PCE DEFY Index,3.5,3.5,0,None
2008-02-01,NFP TCH Index,-17,70,-87,Negative
2008-02-20,CPI YOY Index,4.3,4.2,0.09999999999999964,Positive
2008-02-29,PCE DEFY Index,3.7,3.5,0.20000000000000018,Positive
2008-03-07,NFP TCH Index,-63,20,-83,Negative
2008-03-14,CPI YOY Index,4,4.3,-0.2999999999999998,Negative
2008-03-28,PCE DEFY Index,3.4,3.5,-0.10000000000000009,Negative
2008-04-04,NFP TCH Index,-80,-50,-30,Negative
2008-04-16,CPI YOY Index,4,4,0,None
2008-05-01,PCE DEFY Index,3.2,3.2,0,None
2008-05-02,NFP TCH Index,-20,-75,55,Positive
2008-05-14,CPI YOY Index,3.9,4,-0.10000000000000009,Negative
2008-05-30,PCE DEFY Index,3.2,3.1,0.10000000000000009,Positive
2008-06-06,NFP TCH Index,-49,-60,11,Positive
2008-06-13,CPI YOY Index,4.2,3.9,0.30000000000000027,Positive
2008-06-27,PCE DEFY Index,3.1,3.2,-0.10000000000000009,Negative
2008-07-03,NFP TCH Index,-62,-60,-2,Negative
2008-07-16,CPI YOY Index,5,4.5,0.5,Positive
2008-08-01,NFP TCH Index,-51,-75,24,Positive
2008-08-04,PCE DEFY Index,4.1,3.7,0.39999999999999947,Positive
2008-08-14,CPI YOY Index,5.6,5.1,0.5,Positive
2008-08-29,PCE DEFY Index,4.5,4.5,0,None
2008-09-05,NFP TCH Index,-84,-75,-9,Negative
2008-09-16,CPI YOY Index,5.4,5.6,-0.1999999999999993,Negative
2008-09-29,PCE DEFY Index,4.5,4.5,0,None
2008-10-03,NFP TCH Index,-159,-105,-54,Negative
2008-10-16,CPI YOY Index,4.9,5,-0.09999999999999964,Negative
2008-10-31,PCE DEFY Index,4.2,4.1,0.10000000000000053,Positive
2008-11-07,NFP TCH Index,-240,-200,-40,Negative
2008-11-19,CPI YOY Index,3.7,4,-0.2999999999999998,Negative
2008-11-26,PCE DEFY Index,3.2,3.3,-0.09999999999999964,Negative
2008-12-05,NFP TCH Index,-533,-335,-198,Negative
2008-12-16,CPI YOY Index,1.1,1.5,-0.3999999999999999,Negative
2008-12-24,PCE DEFY Index,1.4,1.5,-0.10000000000000009,Negative
2009-01-09,NFP TCH Index,-524,-525,1,Positive
2009-01-16,CPI YOY Index,0.1,-0.2,0.30000000000000004,Positive
2009-02-02,PCE DEFY Index,0.6,1,-0.4,Negative
2009-02-06,NFP TCH Index,-598,-540,-58,Negative
2009-02-20,CPI YOY Index,0,-0.1,0.1,Positive
2009-03-02,PCE DEFY Index,0.7,0.5,0.19999999999999996,Positive
2009-03-06,NFP TCH Index,-651,-650,-1,Negative
2009-03-18,CPI YOY Index,0.2,0,0.2,Positive
2009-03-27,PCE DEFY Index,1,0.8,0.19999999999999996,Positive
2009-04-03,NFP TCH Index,-663,-660,-3,Negative
2009-04-15,CPI YOY Index,-0.4,-0.1,-0.30000000000000004,Negative
2009-04-30,PCE DEFY Index,0.6,0.7,-0.09999999999999998,Negative
2009-05-08,NFP TCH Index,-539,-600,61,Positive
2009-05-15,CPI YOY Index,-0.7,-0.6,-0.09999999999999998,Negative
2009-06-01,PCE DEFY Index,0.4,0.4,0,None
2009-06-05,NFP TCH Index,-345,-520,175,Positive
2009-06-17,CPI YOY Index,-1.3,-0.9,-0.4,Negative
2009-06-26,PCE DEFY Index,0.1,0.1,0,None
2009-07-02,NFP TCH Index,-467,-365,-102,Negative
2009-07-15,CPI YOY Index,-1.4,-1.5,0.10000000000000009,Positive
2009-08-04,PCE DEFY Index,-0.4,0.2,-0.6000000000000001,Negative
2009-08-07,NFP TCH Index,-247,-325,78,Positive
2009-08-14,CPI YOY Index,-2.1,-1.9,-0.20000000000000018,Negative
2009-08-28,PCE DEFY Index,-0.8,-0.9,0.09999999999999998,Positive
2009-09-04,NFP TCH Index,-216,-230,14,Positive
2009-09-16,CPI YOY Index,-1.5,-1.7,0.19999999999999996,Positive
2009-10-01,PCE DEFY Index,-0.5,-0.6,0.09999999999999998,Positive
2009-10-02,NFP TCH Index,-263,-175,-88,Negative
2009-10-15,CPI YOY Index,-1.3,-1.4,0.09999999999999987,Positive
2009-10-30,PCE DEFY Index,-0.5,-0.5,0,None
2009-11-06,NFP TCH Index,-190,-175,-15,Negative
2009-11-18,CPI YOY Index,-0.2,-0.3,0.09999999999999998,Positive
2009-11-25,PCE DEFY Index,0.2,0.1,0.1,Positive
2009-12-04,NFP TCH Index,-11,-125,114,Positive
2009-12-16,CPI YOY Index,1.8,1.8,0,None
2009-12-23,PCE DEFY Index,1.5,1.6,-0.10000000000000009,Negative
2010-01-08,NFP TCH Index,-85,0,-85,Negative
2010-01-15,CPI YOY Index,2.7,2.8,-0.09999999999999964,Negative
2010-02-01,PCE DEFY Index,2.1,2.2,-0.10000000000000009,Negative
2010-02-05,NFP TCH Index,-20,15,-35,Negative
2010-02-19,CPI YOY Index,2.6,2.8,-0.19999999999999973,Negative
2010-03-01,PCE DEFY Index,2.1,2.2,-0.10000000000000009,Negative
2010-03-05,NFP TCH Index,-36,-68,32,Positive
2010-03-18,CPI YOY Index,2.1,2.3,-0.19999999999999973,Negative
2010-03-29,PCE DEFY Index,1.8,1.8,0,None
2010-04-02,NFP TCH Index,162,184,-22,Negative
2010-04-14,CPI YOY Index,2.3,2.4,-0.10000000000000009,Negative
2010-05-03,PCE DEFY Index,2,2,0,None
2010-05-07,NFP TCH Index,290,190,100,Positive
2010-05-19,CPI YOY Index,2.2,2.4,-0.19999999999999973,Negative
2010-05-28,PCE DEFY Index,2,1.9,0.10000000000000009,Positive
2010-06-04,NFP TCH Index,431,536,-105,Negative
2010-06-17,CPI YOY Index,2,2,0,None
2010-06-28,PCE DEFY Index,1.9,1.8,0.09999999999999987,Positive
2010-07-02,NFP TCH Index,-125,-130,5,Positive
2010-07-16,CPI YOY Index,1.1,1.2,-0.09999999999999987,Negative
2010-08-03,PCE DEFY Index,1.4,1.3,0.09999999999999987,Positive
2010-08-06,NFP TCH Index,-131,-65,-66,Negative
2010-08-13,CPI YOY Index,1.2,1.2,0,None
2010-08-30,PCE DEFY Index,1.5,1.5,0,None
2010-09-03,NFP TCH Index,-54,-105,51,Positive
2010-09-17,CPI YOY Index,1.1,1.1,0,None
2010-10-01,PCE DEFY Index,1.5,1.5,0,None
2010-10-08,NFP TCH Index,-95,-5,-90,Negative
2010-10-15,CPI YOY Index,1.1,1.2,-0.09999999999999987,Negative
2010-11-01,PCE DEFY Index,1.4,1.4,0,None
2010-11-05,NFP TCH Index,151,60,91,Positive
2010-11-17,CPI YOY Index,1.2,1.3,-0.10000000000000009,Negative
2010-11-24,PCE DEFY Index,1.3,1.3,0,None
2010-12-03,NFP TCH Index,39,150,-111,Negative
2010-12-15,CPI YOY Index,1.1,1.1,0,None
2010-12-23,PCE DEFY Index,1,1.1,-0.10000000000000009,Negative
2011-01-07,NFP TCH Index,103,150,-47,Negative
2011-01-14,CPI YOY Index,1.5,1.3,0.19999999999999996,Positive
2011-01-31,PCE DEFY Index,1.2,1.3,-0.10000000000000009,Negative
2011-02-04,NFP TCH Index,36,146,-110,Negative
2011-02-17,CPI YOY Index,1.6,1.6,0,None
2011-02-28,PCE DEFY Index,1.2,1.3,-0.10000000000000009,Negative
2011-03-04,NFP TCH Index,192,196,-4,Negative
2011-03-17,CPI YOY Index,2.1,2,0.10000000000000009,Positive
2011-03-28,PCE DEFY Index,1.6,1.6,0,None
2011-04-01,NFP TCH Index,216,190,26,Positive
2011-04-15,CPI YOY Index,2.7,2.6,0.10000000000000009,Positive
2011-04-29,PCE DEFY Index,1.8,1.9,-0.09999999999999987,Negative
2011-05-06,NFP TCH Index,244,185,59,Positive
2011-05-13,CPI YOY Index,3.2,3.1,0.10000000000000009,Positive
2011-05-27,PCE DEFY Index,2.2,2.2,0,None
2011-06-03,NFP TCH Index,54,165,-111,Negative
2011-06-15,CPI YOY Index,3.6,3.4,0.20000000000000018,Positive
2011-06-27,PCE DEFY Index,2.5,2.5,0,None
2011-07-08,NFP TCH Index,18,105,-87,Negative
2011-07-15,CPI YOY Index,3.6,3.6,0,None
2011-08-02,PCE DEFY Index,2.6,2.6,0,None
2011-08-05,NFP TCH Index,117,85,32,Positive
2011-08-18,CPI YOY Index,3.6,3.3,0.30000000000000027,Positive
2011-08-29,PCE DEFY Index,2.8,2.7,0.09999999999999964,Positive
2011-09-02,NFP TCH Index,0,68,-68,Negative
2011-09-15,CPI YOY Index,3.8,3.6,0.19999999999999973,Positive
2011-09-30,PCE DEFY Index,2.9,2.9,0,None
2011-10-07,NFP TCH Index,103,60,43,Positive
2011-10-19,CPI YOY Index,3.9,3.9,0,None
2011-10-28,PCE DEFY Index,2.9,3,-0.10000000000000009,Negative
2011-11-04,NFP TCH Index,80,95,-15,Negative
2011-11-16,CPI YOY Index,3.5,3.7,-0.20000000000000018,Negative
2011-11-23,PCE DEFY Index,2.7,2.7,0,None
2011-12-02,NFP TCH Index,120,125,-5,Negative
2011-12-16,CPI YOY Index,3.4,3.5,-0.10000000000000009,Negative
2011-12-23,PCE DEFY Index,2.5,2.7,-0.20000000000000018,Negative
2012-01-06,NFP TCH Index,200,155,45,Positive
2012-01-19,CPI YOY Index,3,3,0,None
2012-01-30,PCE DEFY Index,2.4,2.3,0.10000000000000009,Positive
2012-02-03,NFP TCH Index,243,140,103,Positive
2012-02-17,CPI YOY Index,2.9,2.9,0,None
2012-03-01,PCE DEFY Index,2.4,2.3,0.10000000000000009,Positive
2012-03-09,NFP TCH Index,227,210,17,Positive
2012-03-16,CPI YOY Index,2.9,2.9,0,None
2012-03-30,PCE DEFY Index,2.3,2.3,0,None
2012-04-06,NFP TCH Index,120,205,-85,Negative
2012-04-13,CPI YOY Index,2.7,2.7,0,None
2012-04-30,PCE DEFY Index,2.1,2.2,-0.10000000000000009,Negative
2012-05-04,NFP TCH Index,115,160,-45,Negative
2012-05-15,CPI YOY Index,2.3,2.3,0,None
2012-06-01,PCE DEFY Index,1.8,1.9,-0.09999999999999987,Negative
2012-06-01,NFP TCH Index,69,150,-81,Negative
2012-06-14,CPI YOY Index,1.7,1.8,-0.10000000000000009,Negative
2012-06-29,PCE DEFY Index,1.5,1.5,0,None
2012-07-06,NFP TCH Index,80,100,-20,Negative
2012-07-17,CPI YOY Index,1.7,1.6,0.09999999999999987,Positive
2012-07-31,PCE DEFY Index,1.5,1.7,-0.19999999999999996,Negative
2012-08-03,NFP TCH Index,163,100,63,Positive
2012-08-15,CPI YOY Index,1.4,1.6,-0.20000000000000018,Negative
2012-08-30,PCE DEFY Index,1.3,1.4,-0.09999999999999987,Negative
2012-09-07,NFP TCH Index,96,130,-34,Negative
2012-09-14,CPI YOY Index,1.7,1.7,0,None
2012-09-28,PCE DEFY Index,1.5,1.5,0,None
2012-10-05,NFP TCH Index,114,115,-1,Negative
2012-10-16,CPI YOY Index,2,1.9,0.10000000000000009,Positive
2012-10-29,PCE DEFY Index,1.7,1.7,0,None
2012-11-02,NFP TCH Index,171,125,46,Positive
2012-11-15,CPI YOY Index,2.2,2.1,0.10000000000000009,Positive
2012-11-30,PCE DEFY Index,1.7,1.8,-0.10000000000000009,Negative
2012-12-07,NFP TCH Index,146,85,61,Positive
2012-12-14,CPI YOY Index,1.8,1.9,-0.09999999999999987,Negative
2012-12-21,PCE DEFY Index,1.4,1.5,-0.10000000000000009,Negative
2013-01-04,NFP TCH Index,155,152,3,Positive
2013-01-16,CPI YOY Index,1.7,1.8,-0.10000000000000009,Negative
2013-01-31,PCE DEFY Index,1.3,1.4,-0.09999999999999987,Negative
2013-02-01,NFP TCH Index,157,165,-8,Negative
2013-02-21,CPI YOY Index,1.6,1.6,0,None
2013-03-01,PCE DEFY Index,1.2,1.2,0,None
2013-03-08,NFP TCH Index,236,165,71,Positive
2013-03-15,CPI YOY Index,2,1.9,0.10000000000000009,Positive
2013-03-29,PCE DEFY Index,1.3,1.4,-0.09999999999999987,Negative
2013-04-05,NFP TCH Index,88,190,-102,Negative
2013-04-16,CPI YOY Index,1.5,1.6,-0.10000000000000009,Negative
2013-04-29,PCE DEFY Index,1,1,0,None
2013-05-03,NFP TCH Index,165,140,25,Positive
2013-05-16,CPI YOY Index,1.1,1.3,-0.19999999999999996,Negative
2013-05-31,PCE DEFY Index,0.7,0.8,-0.10000000000000009,Negative
2013-06-07,NFP TCH Index,175,163,12,Positive
2013-06-18,CPI YOY Index,1.4,1.4,0,None
2013-06-27,PCE DEFY Index,1,1.1,-0.10000000000000009,Negative
2013-07-05,NFP TCH Index,195,166,29,Positive
2013-07-16,CPI YOY Index,1.8,1.6,0.19999999999999996,Positive
2013-08-02,PCE DEFY Index,1.3,1.3,0,None
2013-08-02,NFP TCH Index,162,185,-23,Negative
2013-08-15,CPI YOY Index,2,2,0,None
2013-08-30,PCE DEFY Index,1.4,1.4,0,None
2013-09-06,NFP TCH Index,169,180,-11,Negative
2013-09-17,CPI YOY Index,1.5,1.6,-0.10000000000000009,Negative
2013-09-27,PCE DEFY Index,1.2,1.2,0,None
2013-10-22,NFP TCH Index,148,180,-32,Negative
2013-10-30,CPI YOY Index,1.2,1.2,0,None
2013-11-08,PCE DEFY Index,0.9,1,-0.09999999999999998,Negative
2013-11-08,NFP TCH Index,204,120,84,Positive
2013-11-20,CPI YOY Index,1,1,0,None
2013-12-06,PCE DEFY Index,0.7,0.7,0,None
2013-12-06,NFP TCH Index,203,185,18,Positive
2013-12-17,CPI YOY Index,1.2,1.3,-0.10000000000000009,Negative
2013-12-23,PCE DEFY Index,0.9,0.9,0,None
2014-01-10,NFP TCH Index,74,197,-123,Negative
2014-01-16,CPI YOY Index,1.5,1.5,0,None
2014-01-31,PCE DEFY Index,1.1,1.1,0,None
2014-02-07,NFP TCH Index,113,180,-67,Negative
2014-02-20,CPI YOY Index,1.6,1.6,0,None
2014-03-03,PCE DEFY Index,1.2,1.1,0.09999999999999987,Positive
2014-03-07,NFP TCH Index,175,149,26,Positive
2014-03-18,CPI YOY Index,1.1,1.2,-0.09999999999999987,Negative
2014-03-28,PCE DEFY Index,0.9,0.9,0,None
2014-04-04,NFP TCH Index,192,200,-8,Negative
2014-04-15,CPI YOY Index,1.5,1.4,0.10000000000000009,Positive
2014-05-01,PCE DEFY Index,1.1,1.1,0,None
2014-05-02,NFP TCH Index,288,218,70,Positive
2014-05-15,CPI YOY Index,2,2,0,None
2014-05-30,PCE DEFY Index,1.6,1.6,0,None
2014-06-06,NFP TCH Index,217,215,2,Positive
2014-06-17,CPI YOY Index,2.1,2,0.10000000000000009,Positive
2014-06-26,PCE DEFY Index,1.8,1.8,0,None
2014-07-03,NFP TCH Index,288,215,73,Positive
2014-07-22,CPI YOY Index,2.1,2.1,0,None
2014-08-01,PCE DEFY Index,1.6,1.7,-0.09999999999999987,Negative
2014-08-01,NFP TCH Index,209,230,-21,Negative
2014-08-19,CPI YOY Index,2,2,0,None
2014-08-29,PCE DEFY Index,1.6,1.6,0,None
2014-09-05,NFP TCH Index,142,230,-88,Negative
2014-09-17,CPI YOY Index,1.7,1.9,-0.19999999999999996,Negative
2014-09-29,PCE DEFY Index,1.5,1.4,0.10000000000000009,Positive
2014-10-03,NFP TCH Index,248,215,33,Positive
2014-10-22,CPI YOY Index,1.7,1.6,0.09999999999999987,Positive
2014-10-31,PCE DEFY Index,1.4,1.5,-0.10000000000000009,Negative
2014-11-07,NFP TCH Index,214,235,-21,Negative
2014-11-20,CPI YOY Index,1.7,1.6,0.09999999999999987,Positive
2014-11-26,PCE DEFY Index,1.4,1.4,0,None
2014-12-05,NFP TCH Index,321,230,91,Positive
2014-12-17,CPI YOY Index,1.3,1.4,-0.09999999999999987,Negative
2014-12-23,PCE DEFY Index,1.2,1.2,0,None
2015-01-09,NFP TCH Index,252,240,12,Positive
2015-01-16,CPI YOY Index,0.8,0.7,0.10000000000000009,Positive
2015-02-02,PCE DEFY Index,0.7,0.8,-0.10000000000000009,Negative
2015-02-06,NFP TCH Index,257,228,29,Positive
2015-02-26,CPI YOY Index,-0.1,-0.1,0,None
2015-03-02,PCE DEFY Index,0.2,0.2,0,None
2015-03-06,NFP TCH Index,295,235,60,Positive
2015-03-24,CPI YOY Index,0,-0.1,0.1,Positive
2015-03-30,PCE DEFY Index,0.3,0.3,0,None
2015-04-03,NFP TCH Index,126,245,-119,Negative
2015-04-17,CPI YOY Index,-0.1,0,-0.1,Negative
2015-04-30,PCE DEFY Index,0.3,0.4,-0.10000000000000003,Negative
2015-05-08,NFP TCH Index,223,228,-5,Negative
2015-05-22,CPI YOY Index,-0.2,-0.2,0,None
2015-06-01,PCE DEFY Index,0.1,0.2,-0.1,Negative
2015-06-05,NFP TCH Index,280,226,54,Positive
2015-06-18,CPI YOY Index,0,0.1,-0.1,Negative
2015-06-25,PCE DEFY Index,0.2,0.2,0,None
2015-07-02,NFP TCH Index,223,233,-10,Negative
2015-07-17,CPI YOY Index,0.1,0.1,0,None
2015-08-03,PCE DEFY Index,0.3,0.2,0.09999999999999998,Positive
2015-08-07,NFP TCH Index,215,225,-10,Negative
2015-08-19,CPI YOY Index,0.2,0.2,0,None
2015-08-28,PCE DEFY Index,0.3,0.3,0,None
2015-09-04,NFP TCH Index,173,217,-44,Negative
2015-09-16,CPI YOY Index,0.2,0.2,0,None
2015-09-28,PCE DEFY Index,0.3,0.3,0,None
2015-10-02,NFP TCH Index,142,200,-58,Negative
2015-10-15,CPI YOY Index,0,-0.1,0.1,Positive
2015-10-30,PCE DEFY Index,0.2,0.2,0,None
2015-11-06,NFP TCH Index,271,185,86,Positive
2015-11-17,CPI YOY Index,0.2,0.1,0.1,Positive
2015-11-25,PCE DEFY Index,0.2,0.3,-0.09999999999999998,Negative
2015-12-04,NFP TCH Index,211,200,11,Positive
2015-12-15,CPI YOY Index,0.5,0.4,0.09999999999999998,Positive
2015-12-23,PCE DEFY Index,0.4,0.4,0,None
2016-01-08,NFP TCH Index,292,200,92,Positive
2016-01-20,CPI YOY Index,0.7,0.8,-0.10000000000000009,Negative
2016-02-01,PCE DEFY Index,0.6,0.6,0,None
2016-02-05,NFP TCH Index,151,190,-39,Negative
2016-02-19,CPI YOY Index,1.4,1.3,0.09999999999999987,Positive
2016-02-26,PCE DEFY Index,1.3,1.1,0.19999999999999996,Positive
2016-03-04,NFP TCH Index,242,195,47,Positive
2016-03-16,CPI YOY Index,1,0.9,0.09999999999999998,Positive
2016-03-28,PCE DEFY Index,1,1,0,None
2016-04-01,NFP TCH Index,215,205,10,Positive
2016-04-14,CPI YOY Index,0.9,1,-0.09999999999999998,Negative
2016-04-29,PCE DEFY Index,0.8,0.8,0,None
2016-05-06,NFP TCH Index,160,200,-40,Negative
2016-05-17,CPI YOY Index,1.1,1.1,0,None
2016-05-31,PCE DEFY Index,1.1,1.1,0,None
2016-06-03,NFP TCH Index,38,160,-122,Negative
2016-06-16,CPI YOY Index,1,1.1,-0.10000000000000009,Negative
2016-06-29,PCE DEFY Index,0.9,1,-0.09999999999999998,Negative
2016-07-08,NFP TCH Index,287,180,107,Positive
2016-07-15,CPI YOY Index,1,1.1,-0.10000000000000009,Negative
2016-08-02,PCE DEFY Index,0.9,0.9,0,None
2016-08-05,NFP TCH Index,255,180,75,Positive
2016-08-16,CPI YOY Index,0.8,0.9,-0.09999999999999998,Negative
2016-08-29,PCE DEFY Index,0.8,0.8,0,None
2016-09-02,NFP TCH Index,151,180,-29,Negative
2016-09-16,CPI YOY Index,1.1,1,0.10000000000000009,Positive
2016-09-30,PCE DEFY Index,1,0.9,0.09999999999999998,Positive
2016-10-07,NFP TCH Index,156,172,-16,Negative
2016-10-18,CPI YOY Index,1.5,1.5,0,None
2016-10-31,PCE DEFY Index,1.2,1.2,0,None
2016-11-04,NFP TCH Index,161,173,-12,Negative
2016-11-17,CPI YOY Index,1.6,1.6,0,None
2016-11-30,PCE DEFY Index,1.4,1.5,-0.10000000000000009,Negative
2016-12-02,NFP TCH Index,178,180,-2,Negative
2016-12-15,CPI YOY Index,1.7,1.7,0,None
2016-12-22,PCE DEFY Index,1.4,1.5,-0.10000000000000009,Negative
2017-01-06,NFP TCH Index,156,175,-19,Negative
2017-01-18,CPI YOY Index,2.1,2.1,0,None
2017-01-30,PCE DEFY Index,1.6,1.7,-0.09999999999999987,Negative
2017-02-03,NFP TCH Index,227,180,47,Positive
2017-02-15,CPI YOY Index,2.5,2.4,0.10000000000000009,Positive
2017-03-01,PCE DEFY Index,1.9,2,-0.10000000000000009,Negative
2017-03-10,NFP TCH Index,235,200,35,Positive
2017-03-15,CPI YOY Index,2.7,2.7,0,None
2017-03-31,PCE DEFY Index,2.1,2.1,0,None
2017-04-07,NFP TCH Index,98,180,-82,Negative
2017-04-14,CPI YOY Index,2.4,2.6,-0.20000000000000018,Negative
2017-05-01,PCE DEFY Index,1.8,1.9,-0.09999999999999987,Negative
2017-05-05,NFP TCH Index,211,190,21,Positive
2017-05-12,CPI YOY Index,2.2,2.3,-0.09999999999999964,Negative
2017-05-30,PCE DEFY Index,1.7,1.7,0,None
2017-06-02,NFP TCH Index,138,182,-44,Negative
2017-06-14,CPI YOY Index,1.9,2,-0.10000000000000009,Negative
2017-06-30,PCE DEFY Index,1.4,1.5,-0.10000000000000009,Negative
2017-07-07,NFP TCH Index,222,178,44,Positive
2017-07-14,CPI YOY Index,1.6,1.7,-0.09999999999999987,Negative
2017-08-01,PCE DEFY Index,1.4,1.3,0.09999999999999987,Positive
2017-08-04,NFP TCH Index,209,180,29,Positive
2017-08-11,CPI YOY Index,1.7,1.8,-0.10000000000000009,Negative
2017-08-31,PCE DEFY Index,1.4,1.4,0,None
2017-09-01,NFP TCH Index,156,180,-24,Negative
2017-09-14,CPI YOY Index,1.9,1.8,0.09999999999999987,Positive
2017-09-29,PCE DEFY Index,1.4,1.5,-0.10000000000000009,Negative
2017-10-06,NFP TCH Index,-33,80,-113,Negative
2017-10-13,CPI YOY Index,2.2,2.3,-0.09999999999999964,Negative
2017-10-30,PCE DEFY Index,1.6,1.6,0,None
2017-11-03,NFP TCH Index,261,313,-52,Negative
2017-11-15,CPI YOY Index,2,2,0,None
2017-11-30,PCE DEFY Index,1.6,1.5,0.10000000000000009,Positive
2017-12-08,NFP TCH Index,228,195,33,Positive
2017-12-13,CPI YOY Index,2.2,2.2,0,None
2017-12-22,PCE DEFY Index,1.8,1.8,0,None
2018-01-05,NFP TCH Index,148,190,-42,Negative
2018-01-12,CPI YOY Index,2.1,2.1,0,None
2018-01-29,PCE DEFY Index,1.7,1.7,0,None
2018-02-02,NFP TCH Index,200,180,20,Positive
2018-02-14,CPI YOY Index,2.1,1.9,0.20000000000000018,Positive
2018-03-01,PCE DEFY Index,1.7,1.7,0,None
2018-03-09,NFP TCH Index,313,205,108,Positive
2018-03-13,CPI YOY Index,2.2,2.2,0,None
2018-03-29,PCE DEFY Index,1.8,1.7,0.10000000000000009,Positive
2018-04-06,NFP TCH Index,103,185,-82,Negative
2018-04-11,CPI YOY Index,2.4,2.4,0,None
2018-04-30,PCE DEFY Index,2,2,0,None
2018-05-04,NFP TCH Index,164,193,-29,Negative
2018-05-10,CPI YOY Index,2.5,2.5,0,None
2018-05-31,PCE DEFY Index,2,2,0,None
2018-06-01,NFP TCH Index,223,190,33,Positive
2018-06-12,CPI YOY Index,2.8,2.8,0,None
2018-06-29,PCE DEFY Index,2.3,2.2,0.09999999999999964,Positive
2018-07-06,NFP TCH Index,213,195,18,Positive
2018-07-12,CPI YOY Index,2.9,2.9,0,None
2018-07-31,PCE DEFY Index,2.2,2.3,-0.09999999999999964,Negative
2018-08-03,NFP TCH Index,157,193,-36,Negative
2018-08-10,CPI YOY Index,2.9,2.9,0,None
2018-08-30,PCE DEFY Index,2.3,2.3,0,None
2018-09-07,NFP TCH Index,201,190,11,Positive
2018-09-13,CPI YOY Index,2.7,2.8,-0.09999999999999964,Negative
2018-09-28,PCE DEFY Index,2.2,2.2,0,None
2018-10-05,NFP TCH Index,134,185,-51,Negative
2018-10-11,CPI YOY Index,2.3,2.4,-0.10000000000000009,Negative
2018-10-29,PCE DEFY Index,2,2,0,None
2018-11-02,NFP TCH Index,250,200,50,Positive
2018-11-14,CPI YOY Index,2.5,2.5,0,None
2018-11-29,PCE DEFY Index,2,2.1,-0.10000000000000009,Negative
2018-12-07,NFP TCH Index,155,198,-43,Negative
2018-12-12,CPI YOY Index,2.2,2.2,0,None
2018-12-21,PCE DEFY Index,1.8,1.8,0,None
2019-01-04,NFP TCH Index,312,184,128,Positive
2019-01-11,CPI YOY Index,1.9,1.9,0,None
2019-02-01,NFP TCH Index,304,165,139,Positive
2019-02-13,CPI YOY Index,1.6,1.5,0.10000000000000009,Positive
2019-03-01,PCE DEFY Index,1.7,1.7,0,None
2019-03-08,NFP TCH Index,20,180,-160,Negative
2019-03-12,CPI YOY Index,1.5,1.6,-0.10000000000000009,Negative
2019-03-29,PCE DEFY Index,1.4,1.4,0,None
2019-04-05,NFP TCH Index,196,177,19,Positive
2019-04-10,CPI YOY Index,1.9,1.8,0.09999999999999987,Positive
2019-04-29,PCE DEFY Index,1.3,NA,NA,NA
2019-04-29,PCE DEFY Index,1.5,1.6,-0.10000000000000009,Negative
2019-05-03,NFP TCH Index,263,190,73,Positive
2019-05-10,CPI YOY Index,2,2.1,-0.10000000000000009,Negative
2019-05-31,PCE DEFY Index,1.5,1.6,-0.10000000000000009,Negative
2019-06-07,NFP TCH Index,75,175,-100,Negative
2019-06-12,CPI YOY Index,1.8,1.9,-0.09999999999999987,Negative
2019-06-28,PCE DEFY Index,1.5,1.5,0,None
2019-07-05,NFP TCH Index,224,160,64,Positive
2019-07-11,CPI YOY Index,1.6,1.6,0,None
2019-07-30,PCE DEFY Index,1.4,1.5,-0.10000000000000009,Negative
2019-08-02,NFP TCH Index,164,165,-1,Negative
2019-08-13,CPI YOY Index,1.8,1.7,0.10000000000000009,Positive
2019-08-30,PCE DEFY Index,1.4,1.4,0,None
2019-09-06,NFP TCH Index,130,160,-30,Negative
2019-09-12,CPI YOY Index,1.7,1.8,-0.10000000000000009,Negative
2019-09-27,PCE DEFY Index,1.4,1.4,0,None
2019-10-04,NFP TCH Index,136,145,-9,Negative
2019-10-10,CPI YOY Index,1.7,1.8,-0.10000000000000009,Negative
2019-10-31,PCE DEFY Index,1.3,1.4,-0.09999999999999987,Negative
2019-11-01,NFP TCH Index,128,85,43,Positive
2019-11-13,CPI YOY Index,1.8,1.7,0.10000000000000009,Positive
2019-11-27,PCE DEFY Index,1.3,1.4,-0.09999999999999987,Negative
2019-12-06,NFP TCH Index,266,180,86,Positive
2019-12-11,CPI YOY Index,2.1,2,0.10000000000000009,Positive
2019-12-20,PCE DEFY Index,1.5,1.4,0.10000000000000009,Positive
2020-01-10,NFP TCH Index,145,160,-15,Negative
2020-01-14,CPI YOY Index,2.3,2.4,-0.10000000000000009,Negative
2020-01-31,PCE DEFY Index,1.6,1.6,0,None
2020-02-07,NFP TCH Index,225,165,60,Positive
2020-02-13,CPI YOY Index,2.5,2.4,0.10000000000000009,Positive
2020-02-28,PCE DEFY Index,1.7,1.8,-0.10000000000000009,Negative
2020-03-06,NFP TCH Index,273,175,98,Positive
2020-03-11,CPI YOY Index,2.3,2.2,0.09999999999999964,Positive
2020-03-27,PCE DEFY Index,1.8,1.7,0.10000000000000009,Positive
2020-04-03,NFP TCH Index,-701,-100,-601,Negative
2020-04-10,CPI YOY Index,1.5,1.6,-0.10000000000000009,Negative
2020-04-30,PCE DEFY Index,1.3,1.3,0,None
2020-05-08,NFP TCH Index,-20537,-22000,1463,Positive
2020-05-12,CPI YOY Index,0.3,0.4,-0.10000000000000003,Negative
2020-05-29,PCE DEFY Index,0.5,0.5,0,None
2020-06-05,NFP TCH Index,2509,-7500,10009,Positive
2020-06-10,CPI YOY Index,0.1,0.3,-0.19999999999999998,Negative
2020-06-26,PCE DEFY Index,0.5,0.5,0,None
2020-07-02,NFP TCH Index,4800,3230,1570,Positive
2020-07-14,CPI YOY Index,0.6,0.6,0,None
2020-07-31,PCE DEFY Index,0.8,0.9,-0.09999999999999998,Negative
2020-08-07,NFP TCH Index,1763,1480,283,Positive
2020-08-12,CPI YOY Index,1,0.7,0.30000000000000004,Positive
2020-08-28,PCE DEFY Index,1,1,0,None
2020-09-04,NFP TCH Index,1371,1350,21,Positive
2020-09-11,CPI YOY Index,1.3,1.2,0.10000000000000009,Positive
2020-10-01,PCE DEFY Index,1.4,1.2,0.19999999999999996,Positive
2020-10-02,NFP TCH Index,661,859,-198,Negative
2020-10-13,CPI YOY Index,1.4,1.4,0,None
2020-10-30,PCE DEFY Index,1.4,1.5,-0.10000000000000009,Negative
2020-11-06,NFP TCH Index,638,580,58,Positive
2020-11-12,CPI YOY Index,1.2,1.3,-0.10000000000000009,Negative
2020-11-25,PCE DEFY Index,1.2,1.2,0,None
2020-12-04,NFP TCH Index,245,460,-215,Negative
2020-12-10,CPI YOY Index,1.2,1.1,0.09999999999999987,Positive
2020-12-23,PCE DEFY Index,1.1,1.2,-0.09999999999999987,Negative
2021-01-08,NFP TCH Index,-140,50,-190,Negative
2021-01-13,CPI YOY Index,1.4,1.3,0.09999999999999987,Positive
2021-01-29,PCE DEFY Index,1.3,1.2,0.10000000000000009,Positive
2021-02-05,NFP TCH Index,49,105,-56,Negative
2021-02-10,CPI YOY Index,1.4,1.5,-0.10000000000000009,Negative
2021-02-26,PCE DEFY Index,1.5,1.4,0.10000000000000009,Positive
2021-03-05,NFP TCH Index,379,200,179,Positive
2021-03-10,CPI YOY Index,1.7,1.7,0,None
2021-03-26,PCE DEFY Index,1.6,1.6,0,None
2021-04-02,NFP TCH Index,916,660,256,Positive
2021-04-13,CPI YOY Index,2.6,2.5,0.10000000000000009,Positive
2021-04-30,PCE DEFY Index,2.3,2.3,0,None
2021-05-07,NFP TCH Index,266,1000,-734,Negative
2021-05-12,CPI YOY Index,4.2,3.6,0.6000000000000001,Positive
2021-05-28,PCE DEFY Index,3.6,3.5,0.10000000000000009,Positive
2021-06-04,NFP TCH Index,559,675,-116,Negative
2021-06-10,CPI YOY Index,5,4.7,0.2999999999999998,Positive
2021-06-25,PCE DEFY Index,3.9,3.9,0,None
2021-07-02,NFP TCH Index,850,720,130,Positive
2021-07-13,CPI YOY Index,5.4,4.9,0.5,Positive
2021-07-30,PCE DEFY Index,4,4,0,None
2021-08-06,NFP TCH Index,943,870,73,Positive
2021-08-11,CPI YOY Index,5.4,5.3,0.10000000000000053,Positive
2021-08-27,PCE DEFY Index,4.2,4.1,0.10000000000000053,Positive
2021-09-03,NFP TCH Index,235,733,-498,Negative
2021-09-14,CPI YOY Index,5.3,5.3,0,None
2021-10-01,PCE DEFY Index,4.3,4.2,0.09999999999999964,Positive
2021-10-08,NFP TCH Index,194,500,-306,Negative
2021-10-13,CPI YOY Index,5.4,5.3,0.10000000000000053,Positive
2021-10-29,PCE DEFY Index,4.4,4.4,0,None
2021-11-05,NFP TCH Index,531,450,81,Positive
2021-11-10,CPI YOY Index,6.2,5.9,0.2999999999999998,Positive
2021-11-24,PCE DEFY Index,5,5.1,-0.09999999999999964,Negative
2021-12-03,NFP TCH Index,210,550,-340,Negative
2021-12-10,CPI YOY Index,6.8,6.8,0,None
2021-12-23,PCE DEFY Index,5.7,5.7,0,None
2022-01-07,NFP TCH Index,199,450,-251,Negative
2022-01-12,CPI YOY Index,7,7,0,None
2022-01-28,PCE DEFY Index,5.8,5.8,0,None
2022-02-04,NFP TCH Index,467,125,342,Positive
2022-02-10,CPI YOY Index,7.5,7.3,0.20000000000000018,Positive
2022-02-25,PCE DEFY Index,6.1,6,0.09999999999999964,Positive
2022-03-04,NFP TCH Index,678,423,255,Positive
2022-03-10,CPI YOY Index,7.9,7.9,0,None
2022-03-31,PCE DEFY Index,6.4,6.4,0,None
2022-04-01,NFP TCH Index,431,490,-59,Negative
2022-04-12,CPI YOY Index,8.5,8.4,0.09999999999999964,Positive
2022-04-29,PCE DEFY Index,6.6,6.7,-0.10000000000000053,Negative
2022-05-06,NFP TCH Index,428,380,48,Positive
2022-05-11,CPI YOY Index,8.3,8.1,0.20000000000000107,Positive
2022-05-27,PCE DEFY Index,6.3,6.2,0.09999999999999964,Positive
2022-06-03,NFP TCH Index,390,318,72,Positive
2022-06-10,CPI YOY Index,8.6,8.3,0.29999999999999893,Positive
2022-06-30,PCE DEFY Index,6.3,6.4,-0.10000000000000053,Negative
2022-07-08,NFP TCH Index,372,265,107,Positive
2022-07-13,CPI YOY Index,9.1,8.8,0.29999999999999893,Positive
2022-07-29,PCE DEFY Index,6.8,6.8,0,None
2022-08-05,NFP TCH Index,528,250,278,Positive
2022-08-10,CPI YOY Index,8.5,8.7,-0.1999999999999993,Negative
2022-08-26,PCE DEFY Index,6.3,6.4,-0.10000000000000053,Negative
2022-09-02,NFP TCH Index,315,298,17,Positive
2022-09-13,CPI YOY Index,8.3,8.1,0.20000000000000107,Positive
2022-09-30,PCE DEFY Index,6.2,6,0.20000000000000018,Positive
2022-10-07,NFP TCH Index,263,255,8,Positive
2022-10-13,CPI YOY Index,8.2,8.1,0.09999999999999964,Positive
2022-10-28,PCE DEFY Index,6.2,6.3,-0.09999999999999964,Negative
2022-11-04,NFP TCH Index,261,193,68,Positive
2022-11-10,CPI YOY Index,7.7,7.9,-0.20000000000000018,Negative
2022-12-01,PCE DEFY Index,6,6,0,None
2022-12-02,NFP TCH Index,263,200,63,Positive
2022-12-13,CPI YOY Index,7.1,7.3,-0.20000000000000018,Negative
2022-12-23,PCE DEFY Index,5.5,5.5,0,None
2023-01-06,NFP TCH Index,223,205,18,Positive
2023-01-12,CPI YOY Index,6.5,6.5,0,None
2023-01-27,PCE DEFY Index,5,5,0,None
2023-02-03,NFP TCH Index,517,189,328,Positive
2023-02-14,CPI YOY Index,6.4,6.2,0.20000000000000018,Positive
2023-02-24,PCE DEFY Index,5.4,5,0.40000000000000036,Positive
2023-03-10,NFP TCH Index,311,225,86,Positive
2023-03-14,CPI YOY Index,6,6,0,None
2023-03-31,PCE DEFY Index,5,5.1,-0.09999999999999964,Negative
2023-04-07,NFP TCH Index,236,230,6,Positive
2023-04-12,CPI YOY Index,5,5.1,-0.09999999999999964,Negative
2023-04-28,PCE DEFY Index,4.2,4.1,0.10000000000000053,Positive
2023-05-05,NFP TCH Index,253,185,68,Positive
2023-05-10,CPI YOY Index,4.9,5,-0.09999999999999964,Negative
2023-05-26,PCE DEFY Index,4.4,4.3,0.10000000000000053,Positive
2023-06-02,NFP TCH Index,339,195,144,Positive
2023-06-13,CPI YOY Index,4,4.1,-0.09999999999999964,Negative
2023-06-30,PCE DEFY Index,3.8,3.8,0,None
2023-07-07,NFP TCH Index,209,230,-21,Negative
2023-07-12,CPI YOY Index,3,3.1,-0.10000000000000009,Negative
2023-07-28,PCE DEFY Index,3,3,0,None
2023-08-04,NFP TCH Index,187,200,-13,Negative
2023-08-10,CPI YOY Index,3.2,3.3,-0.09999999999999964,Negative
2023-08-31,PCE DEFY Index,3.3,3.3,0,None
2023-09-01,NFP TCH Index,187,170,17,Positive
2023-09-13,CPI YOY Index,3.7,3.6,0.10000000000000009,Positive
2023-09-29,PCE DEFY Index,3.5,3.5,0,None
2023-10-06,NFP TCH Index,336,170,166,Positive
2023-10-12,CPI YOY Index,3.7,3.6,0.10000000000000009,Positive
2023-10-27,PCE DEFY Index,3.4,3.4,0,None
2023-11-03,NFP TCH Index,150,180,-30,Negative
2023-11-14,CPI YOY Index,3.2,3.3,-0.09999999999999964,Negative
2023-11-30,PCE DEFY Index,3,3.1,-0.10000000000000009,Negative
2023-12-08,NFP TCH Index,199,185,14,Positive
2023-12-12,CPI YOY Index,3.1,3.1,0,None
2023-12-22,PCE DEFY Index,2.6,2.8,-0.19999999999999973,Negative
2024-01-05,NFP TCH Index,216,175,41,Positive
2024-01-11,CPI YOY Index,3.4,3.2,0.19999999999999973,Positive
2024-01-26,PCE DEFY Index,2.6,2.6,0,None
2024-02-02,NFP TCH Index,353,185,168,Positive
2024-02-13,CPI YOY Index,3.1,2.9,0.20000000000000018,Positive
2024-02-29,PCE DEFY Index,2.4,2.4,0,None
2024-03-08,NFP TCH Index,275,200,75,Positive
2024-03-12,CPI YOY Index,3.2,3.1,0.10000000000000009,Positive
2024-03-29,PCE DEFY Index,2.5,2.5,0,None
2024-04-05,NFP TCH Index,303,214,89,Positive
2024-04-10,CPI YOY Index,3.5,3.4,0.10000000000000009,Positive
2024-04-26,PCE DEFY Index,2.7,2.6,0.10000000000000009,Positive
2024-05-03,NFP TCH Index,175,240,-65,Negative
2024-05-15,CPI YOY Index,3.4,3.4,0,None
2024-05-31,PCE DEFY Index,2.7,2.7,0,None
2024-06-07,NFP TCH Index,272,180,92,Positive
2024-06-12,CPI YOY Index,3.3,3.4,-0.10000000000000009,Negative
2024-06-28,PCE DEFY Index,2.6,2.6,0,None
2024-07-05,NFP TCH Index,206,190,16,Positive
2024-07-11,CPI YOY Index,3,3.1,-0.10000000000000009,Negative
2024-07-26,PCE DEFY Index,2.5,2.5,0,None
2024-08-02,NFP TCH Index,114,175,-61,Negative
2024-08-14,CPI YOY Index,2.9,3,-0.10000000000000009,Negative
2024-08-30,PCE DEFY Index,2.5,2.5,0,None
2024-09-06,NFP TCH Index,142,165,-23,Negative
2024-09-11,CPI YOY Index,2.5,2.5,0,None
2024-09-27,PCE DEFY Index,2.2,2.3,-0.09999999999999964,Negative
2024-10-04,NFP TCH Index,254,150,104,Positive
2024-10-10,CPI YOY Index,2.4,2.3,0.10000000000000009,Positive
2024-10-31,PCE DEFY Index,2.1,2.1,0,None
2024-11-01,NFP TCH Index,12,100,-88,Negative
2024-11-13,CPI YOY Index,2.6,2.6,0,None
2024-11-27,PCE DEFY Index,2.3,2.3,0,None
2024-12-06,NFP TCH Index,227,220,7,Positive
2024-12-11,CPI YOY Index,2.7,2.7,0,None
2024-12-20,PCE DEFY Index,2.4,2.5,-0.10000000000000009,Negative
2025-01-10,NFP TCH Index,256,165,91,Positive
2025-01-15,CPI YOY Index,2.9,2.9,0,None
2025-01-31,PCE DEFY Index,2.6,2.6,0,None
2025-02-07,NFP TCH Index,143,175,-32,Negative
2025-02-12,CPI YOY Index,3,2.9,0.10000000000000009,Positive
2025-02-28,PCE DEFY Index,2.5,2.5,0,None
2025-03-07,NFP TCH Index,151,160,-9,Negative
2025-03-12,CPI YOY Index,2.8,2.9,-0.10000000000000009,Negative
2025-03-28,PCE DEFY Index,2.5,2.5,0,None
2025-04-04,NFP TCH Index,228,140,88,Positive
2025-04-10,CPI YOY Index,2.4,2.5,-0.10000000000000009,Negative
2025-04-30,PCE DEFY Index,2.3,2.2,0.09999999999999964,Positive
2025-05-02,NFP TCH Index,177,138,39,Positive
2025-05-13,CPI YOY Index,2.3,2.4,-0.10000000000000009,Negative
2025-05-30,PCE DEFY Index,2.1,2.2,-0.10000000000000009,Negative
2025-06-06,NFP TCH Index,139,126,13,Positive
2025-06-11,CPI YOY Index,2.4,2.4,0,None
2025-06-27,PCE DEFY Index,2.3,2.3,0,None
2025-07-03,NFP TCH Index,147,106,41,Positive
2025-07-15,CPI YOY Index,2.7,2.6,0.10000000000000009,Positive
2025-07-31,PCE DEFY Index,2.6,2.5,0.10000000000000009,Positive
2025-08-01,NFP TCH Index,73,105,-32,Negative
2025-08-12,CPI YOY Index,2.7,2.8,-0.09999999999999964,Negative
2025-08-29,PCE DEFY Index,2.6,2.6,0,None
2025-09-05,NFP TCH Index,22,75,-53,Negative
2025-09-11,CPI YOY Index,2.9,2.9,0,None
2025-09-26,PCE DEFY Index,2.7,2.7,0,None
2025-10-24,CPI YOY Index,3,3.1,-0.10000000000000009,Negative
2025-10-31,PCE DEFY Index,NA,2.8,NA,NA
2025-11-07,NFP TCH Index,NA,-23,NA,NA
2025-11-13,CPI YOY Index,NA,3,NA,NA
2025-11-20,NFP TCH Index,NA,53,NA,NA
2025-11-26,PCE DEFY Index,NA,NA,NA,NA
2025-12-05,NFP TCH Index,NA,NA,NA,NA
2025-12-10,CPI YOY Index,NA,NA,NA,NA
2025-12-19,PCE DEFY Index,NA,NA,NA,NA
2026-01-09,NFP TCH Index,NA,NA,NA,NA
2026-01-13,CPI YOY Index,NA,NA,NA,NA
2026-02-06,NFP TCH Index,NA,NA,NA,NA
2026-02-11,CPI YOY Index,NA,NA,NA,NA
2026-03-06,NFP TCH Index,NA,NA,NA,NA
2026-03-11,CPI YOY Index,NA,NA,NA,NA
2026-04-03,NFP TCH Index,NA,NA,NA,NA
2026-04-10,CPI YOY Index,NA,NA,NA,NA
2026-05-08,NFP TCH Index,NA,NA,NA,NA
2026-05-12,CPI YOY Index,NA,NA,NA,NA
2026-06-05,NFP TCH Index,NA,NA,NA,NA
2026-06-10,CPI YOY Index,NA,NA,NA,NA
2026-07-02,NFP TCH Index,NA,NA,NA,NA
2026-07-14,CPI YOY Index,NA,NA,NA,NA
2026-08-07,NFP TCH Index,NA,NA,NA,NA
2026-08-12,CPI YOY Index,NA,NA,NA,NA
2026-09-04,NFP TCH Index,NA,NA,NA,NA
2026-09-11,CPI YOY Index,NA,NA,NA,NA
2026-10-02,NFP TCH Index,NA,NA,NA,NA
2026-10-14,CPI YOY Index,NA,NA,NA,NA
2026-11-06,NFP TCH Index,NA,NA,NA,NA
2026-11-10,CPI YOY Index,NA,NA,NA,NA
2026-12-04,NFP TCH Index,NA,NA,NA,NA
2026-12-10,CPI YOY Index,NA,NA,NA,NA
